"","ciudad","semana_ano","dia_semana_inicio","vegetacion_noreste","vegetacion_noroeste","vegetacion_sureste","vegetacion_suroeste","precipitacion","temperatura_aire","humedad_relativa","humedad_especifica","temperatura_promedio","temperatura_maxima","temperatura_minima","casos_totales"
"1","iq",26,"2000-07-01",0.1928857,0.1322571,0.3408857,0.2472,25.41,296.74,92.4185714286,16.6514285714,26.4,32.5,20.7,0
"2","iq",27,"2000-07-08",0.2168333,0.2761,0.2894571,0.2416571,60.61,296.634285714,93.5814285714,16.8628571429,26.9,34,20.8,0
"3","iq",28,"2000-07-15",0.1767571,0.1731286,0.2041143,0.1280143,55.52,296.415714286,95.8485714286,17.12,26.8,33,20.7,0
"4","iq",29,"2000-07-22",0.2277286,0.1454286,0.2542,0.2003143,5.6,295.357142857,87.2342857143,14.4314285714,25.7666666667,31.5,14.7,0
"5","iq",30,"2000-07-29",0.3286429,0.3221286,0.2543714,0.3610429,62.76,296.432857143,88.1614285714,15.4442857143,26.6,33.3,19.1,0
"6","iq",31,"2000-08-05",0.2055286,0.1907571,0.2316714,0.2553143,16.24,297.191428571,74.7285714286,13.4214285714,25.34,32,17,0
"7","iq",32,"2000-08-12",0.3124857,0.3299857,0.3805857,0.3872714,89.37,297.32,83.2757142857,15.3114285714,27.0166666667,34,19.9,0
"8","iq",33,"2000-08-19",0.3841333,0.39224,0.34178,0.38275,42.08,297.627142857,82.49,15.4657142857,26.5833333333,33,20.5,0
"9","iq",34,"2000-08-26",0.4081571,0.3221571,0.4067143,0.3027143,49.22,298.238571429,74.74,14.4442857143,26.9,34,19,0
"10","iq",35,"2000-09-02",0.3320429,0.3210571,0.3146143,0.3242571,53.65,299.218571429,74.1514285714,15.0571428571,27.1166666667,34,20,0
"11","iq",36,"2000-09-09",0.2955857,0.2956833,0.3122143,0.2659286,23.12,300.802857143,57.7871428571,12.6528571429,28.3666666667,35.8,21.7,1
"12","iq",37,"2000-09-16",0.2846571,0.3097571,0.3878833,0.3281571,34.62,299.858571429,71.66,15.2271428571,27.425,34.5,20.5,0
"13","iq",38,"2000-09-23",0.3488143,0.2957167,0.4048429,0.2425714,97.55,297.435714286,77.4871428571,14.3385714286,27.5333333333,36,20.5,0
"14","iq",39,"2000-09-30",0.1756857,0.09948333,0.2257143,0.1827857,95.89,299.355714286,71.4628571429,14.7985714286,27.15,34,20.5,0
"15","iq",40,"2000-10-07",0.33754,0.2769429,0.2775,0.25505,46.22,298.372857143,82.3714285714,16.1485714286,26.7,34,20,0
"16","iq",41,"2000-10-14",0.2235333,0.1339143,0.3498,0.1009167,31.1,298.474285714,81.5228571429,16.0714285714,27.6571428571,34,21,1
"17","iq",42,"2000-10-21",0.2748,0.1870571,0.3739429,0.2794714,25.21,299.211428571,75.54,15.5285714286,27.775,36,21,1
"18","iq",43,"2000-10-28",0.3673,0.30555,0.45538,0.3258,49.25,299.541428571,76.9414285714,16.1957142857,28,34.6,20,0
"19","iq",44,"2000-11-04",0.2951,0.21152,0.3044,0.2796167,67.64,299.44,79.4285714286,16.8685714286,27.6,35.5,21.1,0
"20","iq",45,"2000-11-11",0.2713667,0.1515667,0.34725,0.2318667,51.83,300.748571429,74.8028571429,16.8471428571,28.175,35.2,21.5,0
"21","iq",46,"2000-11-18",0.09993333,0.03586,0.1954857,0.06418333,39.25,301.637142857,67.1857142857,15.88,29.025,36.4,21.7,0
"22","iq",47,"2000-11-25",0.1699833,0.2893,0.3009833,0.1709167,55.91,300.872857143,66.0428571429,14.7685714286,27.7,36.5,21.5,0
"23","iq",48,"2000-12-02",0.2519714,0.2538,0.3235143,0.3191,20.65,299.23,78.8857142857,16.2442857143,27.05,34.2,21,0
"24","iq",49,"2000-12-09",0.1658333,0.1824143,0.2545667,0.18625,24.53,300.242857143,68.5571428571,14.9,28,34,22,0
"25","iq",50,"2000-12-16",0.3387857,0.3168286,0.3503429,0.2977,111.06,298.757142857,80.4085714286,16.0985714286,26.6166666667,33.8,21,1
"26","iq",51,"2000-12-23",0.2650143,0.1690571,0.2348667,0.3022429,3.9,300.411428571,60.6414285714,13.1885714286,28.2,35,21,0
"27","iq",1,"2001-01-01",0.2547143,0.2285286,0.2505857,0.287,59.11,297.958571429,94.9557142857,18.6728571429,27.3333333333,33.3,21.8,0
"28","iq",2,"2001-01-08",0.3021333,0.2035167,0.2674333,0.274,69.85,298.044285714,82.3471428571,15.8585714286,27,33.2,20.7,0
"29","iq",3,"2001-01-15",0.1747571,0.1033167,0.2582429,0.1767286,149.71,298.368571429,84.1757142857,16.6,27.05,33,20.5,0
"30","iq",4,"2001-01-22",0.2376,0.1912667,0.1258571,0.2314429,50.02,295.722857143,94.0571428571,16.0714285714,25.7166666667,31.2,20,0
"31","iq",5,"2001-01-29",0.3415,0.2606667,0.3293857,0.3690714,87.18,295.297142857,95.4071428571,15.86,26.4333333333,33,20,0
"32","iq",6,"2001-02-05",0.2335857,0.161,0.1966143,0.2267,31.93,295.511428571,89.08,14.9471428571,27.35,34.2,21.7,0
"33","iq",7,"2001-02-12",0.1554143,0.1350167,0.1485286,0.1571,66.84,295.37,94.8842857143,15.93,26.3,33,21,0
"34","iq",8,"2001-02-19",0.1353714,0.0823,0.1297571,0.1840429,16.17,296.07,92.8428571429,16.2514285714,26.9333333333,33.2,21,0
"35","iq",9,"2001-02-26",0.30764,0.2282167,0.2245,0.2912833,47.14,297.038571429,93.3142857143,17.3085714286,26.56,33.2,20.5,0
"36","iq",10,"2001-03-05",0.1820429,0.289,0.2068714,0.2063286,118.07,297.618571429,94.0928571429,18.0557142857,27.2,33.3,20,0
"37","iq",11,"2001-03-12",0.2053833,0.1769,0.2063571,0.2041286,74.34,296.79,94.0942857143,17.0657142857,27.05,34.2,20,0
"38","iq",12,"2001-03-19",0.1883429,0.1950333,0.1635429,0.2841429,90.35,298.701428571,82.8014285714,16.7571428571,27.4333333333,34.1,20,0
"39","iq",13,"2001-03-26",0.16238,0.1508167,0.09465714,0.1322571,94.06,296.852857143,95.9242857143,17.6685714286,27.05,34.2,20,0
"40","iq",14,"2001-04-02",0.2678143,0.3126429,0.2615,0.2584,86.46,296.305714286,96.7371428571,17.21,27.16,35,20.5,0
"41","iq",15,"2001-04-09",0.3827571,0.3709714,0.3438857,0.3762714,80.82,297.175714286,94.6028571429,17.6957142857,26.46,34,19.5,0
"42","iq",16,"2001-04-16",0.3125429,0.2822143,0.2621286,0.4074857,77.73,297.062857143,94.6157142857,17.52,27.34,33.5,20.4,1
"43","iq",17,"2001-04-23",0.2456143,0.2148429,0.2733714,0.2288,78.01,297.961428571,88.1485714286,16.9685714286,27.6333333333,34.3,21,0
"44","iq",18,"2001-04-30",0.2540143,0.179,0.3128286,0.2625571,94.77,297.285714286,92.1928571429,17.3057142857,27.625,35.2,20.5,0
"45","iq",19,"2001-05-07",0.2664571,0.1886,0.1962,0.2273286,45.56,297.135714286,95.82,17.8914285714,26.6,32.7,21.4,0
"46","iq",20,"2001-05-14",0.3153429,0.31965,0.2627,0.3034857,74.08,297.297142857,98.3414285714,18.64,NA,32.5,NA,0
"47","iq",21,"2001-05-21",0.2985857,0.3796667,0.1842429,0.2685286,70.81,296.922857143,94.71,17.3685714286,27.4333333333,34.2,20.5,1
"48","iq",22,"2001-05-28",0.2999429,0.3029429,0.3187143,0.3874429,90.07,296.845714286,91.4657142857,16.6942857143,27.25,34.8,20.5,1
"49","iq",23,"2001-06-04",0.3635667,0.1819143,0.2539714,0.2467286,126.46,296.691428571,89.4871428571,15.9685714286,26.8666666667,34,19.8,0
"50","iq",24,"2001-06-11",0.3170833,0.2989667,0.2198714,0.2173429,47.13,295.482857143,94.0171428571,15.7828571429,26.88,33.4,20,0
"51","iq",25,"2001-06-18",0.1041,0.1082429,0.05965714,0.1137571,53.93,296,88.1714285714,15.1342857143,26.4,33.2,20.5,1
"52","iq",26,"2001-06-25",0.1923,0.2752857,0.3164571,0.3254143,1.22,294.845714286,79.3228571429,12.4642857143,NA,32.3,17.1,0
"53","iq",27,"2001-07-02",0.2290833,0.1932667,0.2704571,0.2421857,52.1,295.795714286,84.8571428571,14.2971428571,26.5,33.2,20,0
"54","iq",28,"2001-07-09",0.3597167,0.3110571,0.2649857,0.4388429,39.09,295.808571429,88.3228571429,14.9285714286,27.35,33.5,19.5,0
"55","iq",29,"2001-07-16",0.3195,0.2050857,0.1947429,0.3616333,52.05,297.555714286,84.2457142857,15.6057142857,26.7666666667,32.8,21,0
"56","iq",30,"2001-07-23",0.2911571,0.2526333,0.2182,0.3259857,54.52,296.815714286,90.8142857143,16.5057142857,27.3666666667,34,21.2,0
"57","iq",31,"2001-07-30",0.2371167,0.1956167,0.1883143,0.1339,27.97,297.291428571,82.2257142857,14.9857142857,26.52,34,18.4,0
"58","iq",32,"2001-08-06",0.2007571,0.2377286,0.2236429,0.2043571,0,298.537142857,66.6642857143,13.1585714286,27.1,33.5,17.8,0
"59","iq",33,"2001-08-13",0.2821714,0.2735571,0.2658571,0.3664571,5.14,298.395714286,69.4757142857,13.7157142857,27.125,33.4,20,0
"60","iq",34,"2001-08-20",0.2407571,0.1931143,0.2063429,0.2469143,9.97,298.44,78.3885714286,15.5114285714,27.6,34.2,20,0
"61","iq",35,"2001-08-27",0.2280714,0.1999857,0.2331429,0.2646429,47.58,298.751428571,76.9557142857,15.2514285714,27.2,35.2,20,0
"62","iq",36,"2001-09-03",0.30695,0.2410286,0.1908714,0.3389429,44.45,298.691428571,81.9871428571,16.4371428571,27.375,34.3,20.8,0
"63","iq",37,"2001-09-10",0.3084571,0.2503143,0.2983,0.4290714,36.2,298.665714286,78.9571428571,15.6585714286,27.375,35.2,20.1,0
"64","iq",38,"2001-09-17",0.3533143,0.3439714,0.3586714,0.3530429,66.4,297.962857143,84.0328571429,16.1042857143,27.525,35,20.2,0
"65","iq",39,"2001-09-24",0.3346714,0.3886143,0.2854,0.3197714,26.48,298.707142857,79.3657142857,15.8942857143,27.25,33.4,20.3,0
"66","iq",40,"2001-10-01",0.3343857,0.2712857,0.2416857,0.4444,63.42,299.547142857,78.33,16.34,28.3,35.5,20.4,0
"67","iq",41,"2001-10-08",0.4202857,0.3819571,0.4438,0.5460167,58.75,299.158571429,74.4185714286,15.3271428571,28.525,36.8,21.8,0
"68","iq",42,"2001-10-15",0.3102,0.2971286,0.3454857,0.3820571,77.89,300.308571429,72.1628571429,15.8728571429,27.6333333333,36.7,20,0
"69","iq",43,"2001-10-22",0.1244833,0.2392667,0.1845,0.2055714,77.15,298.584285714,90.2657142857,18.2671428571,28.0666666667,35,21,0
"70","iq",44,"2001-10-29",0.2108857,0.2075667,0.2066143,0.232,83.53,298.341428571,85.5728571429,16.9585714286,27.64,35.8,21.5,0
"71","iq",45,"2001-11-05",0.3581429,0.2793429,0.3059714,0.3714,34.54,298.514285714,89.0042857143,17.8214285714,27.525,34.4,21.3,0
"72","iq",46,"2001-11-12",0.2773286,0.2303,0.2773,0.2969714,61.82,298.847142857,87.4814285714,17.8,28.44,34.5,21,0
"73","iq",47,"2001-11-19",0.3297,0.3304167,0.3406429,0.4415714,65.89,299.12,88.8371428571,18.4514285714,27.575,33.7,20.8,1
"74","iq",48,"2001-11-26",0.3015,0.3613,0.3055714,0.3699167,47.46,298.555714286,87.3771428571,17.4271428571,28.2333333333,35.3,21.8,1
"75","iq",49,"2001-12-03",0.3250571,0.2264714,0.2992571,0.3504714,46.86,298.754285714,87.24,17.5957142857,28.425,35.5,21.2,1
"76","iq",50,"2001-12-10",0.3260333,0.2355333,0.3155714,0.3066429,138.22,298.245714286,96.1185714286,19.3057142857,27.84,35,21,2
"77","iq",51,"2001-12-17",0.2229429,0.2240714,0.2128143,0.1841286,43.95,298.564285714,93.9471428571,18.9657142857,27.075,32.9,21,4
"78","iq",52,"2001-12-24",0.2981889,0.3380778,0.2887889,0.3417,100.72,298.238571429,96.3557142857,19.3028571429,27.35,33.3,22,1
"79","iq",1,"2002-01-01",0.4057286,0.3484,0.3686429,0.3800143,70.16,297.132857143,94.5885714286,17.6185714286,27.95,33.2,23,4
"80","iq",2,"2002-01-08",0.3275833,0.3759167,0.4102667,0.3833333,64.79,300.012857143,76.6028571429,16.4828571429,28.9666666667,35.4,21,11
"81","iq",3,"2002-01-15",0.2410857,0.14565,0.2780286,0.1976429,22.77,299.877142857,75.2042857143,16.1571428571,28.8,36,22,16
"82","iq",4,"2002-01-22",0.1041286,0.1483286,0.1121857,0.1419143,121.07,298.915714286,81.5271428571,16.6771428571,27.94,35.8,21,23
"83","iq",5,"2002-01-29",NA,NA,NA,NA,59.4,296.858571429,96.2671428571,17.69,26.3,32.5,20.8,12
"84","iq",6,"2002-02-05",0.1849167,0.1733286,0.1687429,0.1844286,4.68,295.912857143,96.6414285714,16.7228571429,26.625,34,20.8,14
"85","iq",7,"2002-02-12",0.2919714,0.2241429,0.3051,0.3732714,104.37,297.847142857,93.4385714286,18.1471428571,27.85,33.6,20.8,18
"86","iq",8,"2002-02-19",0.1288,0.1224333,0.09594286,0.1251714,37.46,297.695714286,92.05,17.6871428571,27.02,33.5,21,8
"87","iq",9,"2002-02-26",0.1162,0.1787429,0.08991429,0.2104143,80.14,297.062857143,97.1571428571,18.1257142857,26.7,32.2,20.5,7
"88","iq",10,"2002-03-05",0.3183667,0.2556,0.266,0.2973833,92.84,298.54,91.2214285714,18.3614285714,27.85,35.7,21,10
"89","iq",11,"2002-03-12",0.2483857,0.1795,0.2698143,0.2992333,41.96,298.358571429,89.7785714286,17.7957142857,26.95,34.5,21.6,7
"90","iq",12,"2002-03-19",0.2265857,0.2483333,0.2302,0.2435143,61.18,297.951428571,94.1657142857,18.4428571429,26.95,33.3,20.6,10
"91","iq",13,"2002-03-26",0.2127857,0.27455,0.1987,0.2284571,110.42,296.407142857,98.4571428571,17.68,26.1,32.3,20.7,5
"92","iq",14,"2002-04-02",0.19708,0.2962286,0.1805,0.2763286,94.01,297.174285714,97.7757142857,18.3957142857,27.3,32.5,20.2,11
"93","iq",15,"2002-04-09",0.2698286,0.1968143,0.2025857,0.2662857,75.98,296.862857143,97.2442857143,17.93,26.3,31.4,20.8,8
"94","iq",16,"2002-04-16",0.26935,0.2121571,0.1889286,0.1949429,109.49,297.764285714,92.6157142857,17.9357142857,27.2,34.6,20.3,18
"95","iq",17,"2002-04-23",0.2678429,0.2614143,0.2485,0.2669286,45.59,297.584285714,95.2514285714,18.2228571429,27.2666666667,33.3,21.7,13
"96","iq",18,"2002-04-30",0.1703571,0.1418286,0.1977286,0.2570714,60.05,297.408571429,93.8457142857,17.8071428571,NA,33.5,21.2,9
"97","iq",19,"2002-05-07",0.2272571,0.1782429,0.1773857,0.2101143,101.3,297.355714286,95.22,18.0242857143,27.5,34,21.3,22
"98","iq",20,"2002-05-14",0.1338,0.1096333,0.2196143,0.1417,46.79,296.784285714,97.2428571429,17.7442857143,26.8666666667,32.3,20.8,10
"99","iq",21,"2002-05-21",0.1921143,0.1776429,0.2308571,0.2222,51.25,297.05,94.8042857143,17.5842857143,27.7,33.8,20.8,5
"100","iq",22,"2002-05-28",0.1764571,0.1749143,0.1881571,0.2386286,41.54,297.557142857,93.7885714286,17.8228571429,26.325,32.3,20.8,13
"101","iq",23,"2002-06-04",0.3204714,0.2780857,0.2377286,0.3431857,72.76,296.267142857,94.3457142857,16.7742857143,27.3,34.3,20.7,2
"102","iq",24,"2002-06-11",0.3862667,0.2591333,0.3284143,0.3916286,69.62,297.257142857,94.1442857143,17.6385714286,27.8,34,20.7,11
"103","iq",25,"2002-06-18",0.2212714,0.1735143,0.2119714,0.2252143,39.16,296.807142857,85.7371428571,15.4142857143,26.2333333333,33,18.8,11
"104","iq",26,"2002-06-25",0.1791714,0.2791,0.1326143,0.2132857,3.18,295.808571429,82.1671428571,13.87,26.15,32.6,18.6,3
"105","iq",27,"2002-07-02",0.1015429,0.1266,0.1193571,0.07624286,3.27,294.635714286,85.5657142857,13.4542857143,26.275,32.6,20.7,7
"106","iq",28,"2002-07-09",0.21602,0.2350667,0.1511857,0.2129714,5.71,295.882857143,85.6728571429,14.4642857143,26.1333333333,32.3,20.3,7
"107","iq",29,"2002-07-16",0.1080429,0.07298571,0.1112286,0.1179714,63,296.442857143,84.6685714286,14.8185714286,25.4,30.1,20.1,4
"108","iq",30,"2002-07-23",0.2225,0.2631,0.2489857,0.3464714,65.55,296.875714286,83.4971428571,14.93,27.8,33.6,19.5,5
"109","iq",31,"2002-07-30",0.3870143,0.2601714,0.3492714,0.2830571,89.93,297.161428571,87.0342857143,16.0757142857,26.7,33.8,19.3,6
"110","iq",32,"2002-08-06",0.3041167,0.2788429,0.3074571,0.3378429,14.34,296.795714286,80.47,14.2457142857,27.25,34,20.2,7
"111","iq",33,"2002-08-13",0.3771571,0.3059,0.2884,0.3608429,9.81,298.304285714,69.06,13.4414285714,27.8333333333,35.1,20.6,7
"112","iq",34,"2002-08-20",0.345425,0.31354,0.29505,0.3092667,31.71,296.184285714,82.1414285714,14.0457142857,NA,33.1,20.8,4
"113","iq",35,"2002-08-27",0.3045429,0.2694429,0.2508571,0.3224714,38.8,298.412857143,77.7657142857,15.4128571429,27.4,35.1,20.9,9
"114","iq",36,"2002-09-03",0.2290143,0.1319714,0.2494571,0.1908857,81.85,299.395714286,77.0828571429,16.0342857143,27.4,33.3,21.7,17
"115","iq",37,"2002-09-10",0.3075429,0.2941714,0.3234,0.1907714,25.36,299.015714286,73.1414285714,14.7457142857,28.2333333333,35.9,19.9,8
"116","iq",38,"2002-09-17",0.3274143,0.3472571,0.3386714,0.3838714,11.49,300.32,64.6885714286,13.9742857143,28.9,36.6,21.5,22
"117","iq",39,"2002-09-24",0.2379833,0.3084286,0.2681143,0.3200429,38.56,299.238571429,79.5628571429,16.18,27.9,36,20.4,18
"118","iq",40,"2002-10-01",0.2721143,0.1793667,0.3142429,0.2741714,70.98,299.654285714,74.25,15.6342857143,29.2,37.7,21.7,21
"119","iq",41,"2002-10-08",0.37815,0.3857833,0.2314286,0.2459333,70.22,298.717142857,85.1371428571,17.2114285714,28.075,34.6,21.8,16
"120","iq",42,"2002-10-15",0.1992714,0.1592429,0.2581286,0.2277143,21.96,298.297142857,86.9985714286,17.1857142857,28,34.2,22,31
"121","iq",43,"2002-10-22",0.2278714,0.2144571,0.2997714,0.2229429,48.94,297.331428571,87.7171428571,16.49,27.95,36,21.8,25
"122","iq",44,"2002-10-29",0.3290857,0.2862143,0.2940571,0.3159286,89.77,298.518571429,91.9442857143,18.6028571429,NA,34.1,22.5,28
"123","iq",45,"2002-11-05",0.3071429,0.27695,0.2879286,0.3642857,95.47,297.537142857,95.2857142857,18.2671428571,28.3,33.8,22.6,26
"124","iq",46,"2002-11-12",0.2368333,0.2021571,0.2095143,0.1620286,91.36,297.165714286,96.0471428571,17.9071428571,27.6,33.6,21.4,18
"125","iq",47,"2002-11-19",0.2506143,0.2791333,0.2156333,0.2982667,61.69,297.375714286,96.84,18.4157142857,27.35,33.5,21.7,27
"126","iq",48,"2002-11-26",0.3109286,0.2852286,0.2907286,0.2563286,60.15,298.35,93.3957142857,18.7842857143,28.1,34,22,11
"127","iq",49,"2002-12-03",0.3008,0.2528,0.3449571,0.3483286,49.69,298.324285714,90.6628571429,18.1057142857,28.5,33.7,22.9,38
"128","iq",50,"2002-12-10",0.2680286,0.1424286,0.2886714,0.1850714,35.02,297.884285714,92.6142857143,18.0042857143,27.65,34,22.9,29
"129","iq",51,"2002-12-17",0.2542286,0.1839143,0.2707143,0.2090286,25.73,297.818571429,93.8457142857,18.2614285714,27.98,34,23.3,21
"130","iq",52,"2002-12-24",0.1194,0.1364,0.1718286,0.1895857,151.73,297.872857143,93.4085714286,18.2357142857,27.975,33.8,21.9,11
"131","iq",1,"2003-01-01",0.3234143,0.3004143,0.3291857,0.3184286,46.91,299.375714286,84.06,17.4528571429,28.45,34.4,22.4,10
"132","iq",2,"2003-01-08",0.4884,0.4024429,0.4149286,0.4697,11.77,297.684285714,91.56,17.4971428571,28.9333333333,35,22.1,5
"133","iq",3,"2003-01-15",0.303,0.1694667,0.2915429,0.3012857,60.46,296.92,94.3742857143,17.43,28,33.3,22.5,6
"134","iq",4,"2003-01-22",0.2249571,0.2602714,0.2069286,0.2895,84.05,298.125714286,84.46,16.5142857143,28.4,34.2,23,2
"135","iq",5,"2003-01-29",0.1660286,0.1406286,0.1913857,0.1834429,35.05,299.487142857,74.8842857143,15.5928571429,28.6,35.4,22.5,1
"136","iq",6,"2003-02-05",0.19145,0.08642857,0.1368,0.1567143,56.36,297.218571429,94.5528571429,17.8528571429,26.6,33.8,22.4,2
"137","iq",7,"2003-02-12",0.3137143,0.2284143,0.2521143,0.2864714,70.63,296.585714286,94.3542857143,17.0157142857,26.75,33.2,22.4,2
"138","iq",8,"2003-02-19",0.1262571,0.1355143,0.1036571,0.1337143,25.03,298.567142857,89.9742857143,18.02,NA,32.4,23.3,3
"139","iq",9,"2003-02-26",0.2976,0.2366333,0.22915,0.2072833,132.2,299.35,86.0128571429,18.0442857143,29.4,35,22.9,5
"140","iq",10,"2003-03-05",0.1695286,0.1389571,0.2340571,0.1851429,63.71,297.508571429,92.4685714286,17.5,27.95,32.9,22.9,1
"141","iq",11,"2003-03-12",0.2,0.1902857,0.1589429,0.1636286,47.97,296.68,96.1714285714,17.5157142857,26.7,32,22.1,4
"142","iq",12,"2003-03-19",0.2142143,0.2251571,0.2191714,0.2485,109.04,297.892857143,93.6285714286,18.2528571429,27.6,33.5,22.7,2
"143","iq",13,"2003-03-26",0.1475286,0.2694571,0.1268571,0.2059143,93.61,298.644285714,91.5942857143,18.4842857143,30.8,42.2,21.8,4
"144","iq",14,"2003-04-02",0.2482,0.2627714,0.2065,0.2886857,89.38,298.077142857,93.0142857143,18.2785714286,28.26,34.2,22.6,0
"145","iq",15,"2003-04-09",0.2052429,0.1842,0.1931286,0.2087857,78.59,298.082857143,96.27,19.0785714286,28.175,34.5,22.9,0
"146","iq",16,"2003-04-16",0.2668286,0.2182286,0.1998714,0.2621429,51.14,296.747142857,95.9928571429,17.5342857143,27.72,34.2,22.4,0
"147","iq",17,"2003-04-23",0.3234429,0.2531714,0.2852286,0.2931,77.34,297.992857143,92.5471428571,18.1557142857,28.2,33.9,21.8,0
"148","iq",18,"2003-04-30",0.4350571,0.3769143,0.2636143,0.3348429,65.43,296.691428571,97.2771428571,17.6885714286,27.2,32.9,22.7,1
"149","iq",19,"2003-05-07",0.1994286,0.1501,0.1834667,0.1477,138.05,296.454285714,96.14,17.2228571429,28.35,33.6,23.4,1
"150","iq",20,"2003-05-14",0.2454286,0.1847,0.2614571,0.2688857,84.16,294.922857143,98.1328571429,16.0857142857,27,32.5,22,1
"151","iq",21,"2003-05-21",0.1892571,0.16695,0.1843,0.1707429,23.7,295.878571429,95.8542857143,16.5157142857,27.4666666667,32.5,22.3,1
"152","iq",22,"2003-05-28",0.2411429,0.1987,0.2537286,0.2544571,166.52,297.648571429,92.4614285714,17.6185714286,27.7,35,22.4,1
"153","iq",23,"2003-06-04",0.2369571,0.1213143,0.1923143,0.2074,70.25,296.591428571,97.6171428571,17.6514285714,27.2,33.4,22.4,2
"154","iq",24,"2003-06-11",0.3135857,0.3539833,0.2658571,0.2809143,98.72,296.837142857,96.2228571429,17.6685714286,27.7,33.2,21.6,3
"155","iq",25,"2003-06-18",0.3237,0.2755,0.3547571,0.2723143,47.15,296.008571429,90.0485714286,15.4771428571,27.525,33.5,21.8,4
"156","iq",26,"2003-06-25",0.1882571,0.2322667,0.1737714,0.1928,88.88,295.387142857,95.5757142857,15.9857142857,26.95,32.7,21.9,6
"157","iq",27,"2003-07-02",0.2618143,0.1715857,0.3099429,0.2584286,61.09,295.128571429,94.1271428571,15.5114285714,25.8666666667,33.8,21.7,2
"158","iq",28,"2003-07-09",0.1802714,0.1629714,0.1541286,0.1611,53.58,296.942857143,86.6557142857,15.6185714286,27.075,33.2,20.7,2
"159","iq",29,"2003-07-16",0.1935714,0.16885,0.1590857,0.2314714,65.2,296.79,85.6114285714,15.2971428571,27.6666666667,33.4,17.4,5
"160","iq",30,"2003-07-23",0.2858143,0.1630714,0.2880286,0.2774571,2.64,296.485714286,77.8042857143,13.5585714286,26.4666666667,32.1,18,1
"161","iq",31,"2003-07-30",0.2077857,0.1562143,0.1743286,0.2188143,24.64,296.822857143,82.27,14.6857142857,27.225,32.4,21.3,1
"162","iq",32,"2003-08-06",0.2443714,0.1746429,0.2174143,0.2323,89.28,297.658571429,77.8614285714,14.5842857143,27.85,34.2,21.3,0
"163","iq",33,"2003-08-13",0.2471143,0.1711143,0.2337429,0.2638,52.47,297.338571429,83.9271428571,15.5885714286,27.4,34.4,21.7,0
"164","iq",34,"2003-08-20",0.4252429,0.3624833,0.3566143,0.3855286,45.38,297.365714286,81.9428571429,15.01,27.75,34,20,0
"165","iq",35,"2003-08-27",0.2495857,0.2122,0.2508143,0.2652143,29.51,297.875714286,85.7257142857,16.4457142857,28,34.4,21.4,0
"166","iq",36,"2003-09-03",0.3417,0.2863143,0.2101857,0.2659857,8.84,297.381428571,70.9285714286,12.9471428571,26.65,33.9,18.5,2
"167","iq",37,"2003-09-10",0.2232286,0.2028714,0.1952571,0.2701857,36.42,298.831428571,76.5328571429,15.4471428571,27.8333333333,34.3,21,0
"168","iq",38,"2003-09-17",0.3644857,0.2609857,0.3164571,0.3851571,55.73,296.948571429,85.03,15.3114285714,27.8,35.3,16.8,3
"169","iq",39,"2003-09-24",0.4011857,0.3545167,0.3276714,0.3920429,100.55,298.144285714,88.1171428571,17.2628571429,28.0333333333,34.7,21.8,0
"170","iq",40,"2003-10-01",0.2535,0.2371143,0.2290286,0.2321714,74.6,299.357142857,83.6828571429,17.4514285714,28.575,35.5,21.8,0
"171","iq",41,"2003-10-08",0.1760286,0.1963833,0.2257571,0.2349286,38.3,297.915714286,92.1657142857,17.9142857143,27.2,35.7,22.3,0
"172","iq",42,"2003-10-15",0.2758286,0.2288429,0.2752,0.2871143,44.16,298.162857143,90.3428571429,17.7971428571,28.3,34.4,22.9,2
"173","iq",43,"2003-10-22",0.4750143,0.3795,0.4249429,0.4324429,39.52,298.957142857,87.37,17.8957142857,27.975,34.5,20.7,2
"174","iq",44,"2003-10-29",0.1345143,0.1314714,0.1153571,0.1212714,32.47,300.041428571,77.7842857143,16.8728571429,28.7333333333,35.5,22.8,3
"175","iq",45,"2003-11-05",0.3946571,0.3269571,0.3912143,0.4190429,105.14,298.135714286,88.48,17.39,27.6,34,21.9,3
"176","iq",46,"2003-11-12",0.3176857,0.3246,0.2498,0.3244714,31.08,298.367142857,86.7557142857,17.2928571429,28.5,35.5,20.8,3
"177","iq",47,"2003-11-19",0.2636429,0.2816571,0.2466667,0.3012571,123.63,298.681428571,90.8828571429,18.3785714286,27.9,36,22.4,1
"178","iq",48,"2003-11-26",0.2749,0.2452,0.3094571,0.2953286,81.27,299.222857143,86.9957142857,18.27,28.3,34.7,22,2
"179","iq",49,"2003-12-03",0.4003429,0.3180571,0.3287714,0.3696429,72.23,298.315714286,89.2071428571,17.7457142857,28.7666666667,35.1,22,3
"180","iq",50,"2003-12-10",0.3586286,0.24435,0.3519,0.3588,108.62,298.685714286,93.2314285714,19.1071428571,28.4,34.2,22.5,6
"181","iq",51,"2003-12-17",0.1926667,0.2244,0.1361143,0.1363143,64.95,298.168571429,93.9171428571,18.5328571429,28.3,34.8,22.1,5
"182","iq",52,"2003-12-24",0.2850778,0.2306556,0.2676444,0.2647778,49.42,296.297142857,96.9371428571,17.1728571429,27.3,33.1,22.3,1
"183","iq",1,"2004-01-01",0.2025714,0.1989667,0.2445571,0.1879571,NA,NA,NA,NA,NA,NA,NA,4
"184","iq",2,"2004-01-08",0.24942,0.30885,0.2086286,0.2590143,78.53,297.437142857,95.7942857143,18.2557142857,27.4333333333,34.2,22.4,5
"185","iq",3,"2004-01-15",0.32786,0.29844,0.30672,0.34024,63.47,297.752857143,96.1285714286,18.7128571429,28.7,34.1,23.1,8
"186","iq",4,"2004-01-22",0.3205857,0.3365286,0.2566,0.3441143,29.23,299.62,82.4671428571,17.4914285714,28.7333333333,34.6,21.8,5
"187","iq",5,"2004-01-29",0.2330143,0.2351857,0.1964857,0.2055429,4.65,300.9,65.2842857143,14.5485714286,28.925,35.6,22.3,2
"188","iq",6,"2004-02-05",0.1235429,0.0993,0.1128571,0.1172,13.2,299.902857143,72.9271428571,15.5671428571,29.2,36.4,20.6,3
"189","iq",7,"2004-02-12",0.2787429,0.2987571,0.3127143,0.3048286,24.83,298.27,86.7657142857,17.1742857143,27.925,33.3,22.8,3
"190","iq",8,"2004-02-19",0.2366286,0.1670429,0.1970286,0.2225143,39.06,298.081428571,87.7185714286,17.2085714286,26.6,35.5,22,1
"191","iq",9,"2004-02-26",0.3190571,0.3352333,0.2176286,0.3000286,125.04,297.882857143,93.0128571429,17.95,27.4666666667,34.4,20.6,6
"192","iq",10,"2004-03-04",0.2094714,0.2086571,0.1715,0.1935714,52.08,297.981428571,92.5614285714,18.0942857143,28.4,34.5,22.3,4
"193","iq",11,"2004-03-11",0.3076833,0.2140167,0.33865,0.3110429,80.33,296.777142857,96.2885714286,17.61,28,33.5,22.5,1
"194","iq",12,"2004-03-18",0.3859857,0.4247833,0.3514143,0.3465286,137.83,297.887142857,93.6285714286,18.2485714286,28.3,34.3,21.7,2
"195","iq",13,"2004-03-25",0.3062833,0.19872,0.02988,0.29015,120.1,297.312857143,96.2385714286,18.2371428571,28.65,34,23.6,3
"196","iq",14,"2004-04-01",0.136,0.138,0.1862333,0.1294333,101.22,297.202857143,97.9414285714,18.47,28.0666666667,33.9,22.7,1
"197","iq",15,"2004-04-08",0.3592143,0.3348429,0.2791571,0.3612714,47.26,297.812857143,96.4985714286,18.8257142857,27.65,33.1,22.3,8
"198","iq",16,"2004-04-15",0.2441857,0.1958286,0.1747,0.1882286,61.8,298.217142857,92.32,18.3085714286,28.0333333333,33.6,21.7,4
"199","iq",17,"2004-04-22",0.3742857,0.3308,0.2340333,0.2549429,113.62,297.78,94.7885714286,18.4085714286,28,34.5,22.5,6
"200","iq",18,"2004-04-29",0.27884,0.1637667,0.1911833,0.3266286,65.82,297.127142857,97.8085714286,18.34,27.5333333333,32.9,22.6,7
"201","iq",19,"2004-05-06",0.1575667,0.1215429,0.1904143,0.1225333,83.93,297.798571429,95.1157142857,18.5114285714,27.2333333333,33.3,22,5
"202","iq",20,"2004-05-13",0.1716667,0.1522333,0.1598333,0.1769,34.81,296.414285714,93.8971428571,16.7785714286,27.3,33,19.5,8
"203","iq",21,"2004-05-20",0.2254667,0.18515,0.1942,0.2483167,173.45,297.602857143,91.6271428571,17.4014285714,26.65,34.2,22.5,6
"204","iq",22,"2004-05-27",0.1903143,0.07784286,0.1931714,0.1023286,35.43,297.305714286,93.5757142857,17.5,NA,33.3,20.5,5
"205","iq",23,"2004-06-03",0.1073,0.1170667,0.1967857,0.1106143,88.62,296.767142857,94.6928571429,17.2128571429,27.5,32.8,19.8,6
"206","iq",24,"2004-06-10",0.2378429,0.2350833,0.1669571,0.2119714,85.28,295.574285714,96.8757142857,16.42,26.8,32,20.9,6
"207","iq",25,"2004-06-17",0.3329571,0.191,0.2340429,0.3255143,94.52,296.204285714,92.3714285714,16.1385714286,25.9,33.3,21.5,13
"208","iq",26,"2004-06-24",0.2392333,0.1535429,0.1328286,0.1970429,32.95,295.634285714,90.4471428571,15.3128571429,25.075,32.1,18.6,2
"209","iq",27,"2004-07-01",0.2572143,0.3249286,0.1978,0.1967571,46.39,296.151428571,94.6685714286,16.5142857143,25.9,30.9,21.1,10
"210","iq",28,"2004-07-08",0.3175571,0.3013857,0.2793714,0.3355429,83.94,296.617142857,90.9057142857,16.2528571429,26.55,32,21.8,3
"211","iq",29,"2004-07-15",0.2328286,0.2737667,0.2338,0.1532429,48.09,297.501428571,85.1585714286,15.86,26.8,33.1,20.5,12
"212","iq",30,"2004-07-22",0.2679429,0.2995,0.2177,0.2849857,53.78,296.812857143,90.9285714286,16.48,26.3,32.1,21.9,7
"213","iq",31,"2004-07-29",0.2089,0.1555,0.2203,0.2542571,85.96,296.017142857,92.5271428571,15.9757142857,NA,32.9,19.4,6
"214","iq",32,"2004-08-05",0.2489,0.2659571,0.2185286,0.2375571,29.82,297.517142857,79.7185714286,14.6942857143,NA,34,18.3,5
"215","iq",33,"2004-08-12",0.1910714,0.227,0.1685286,0.2957,18.44,296.53,79.2357142857,13.8242857143,NA,31.3,20,6
"216","iq",34,"2004-08-19",0.3931286,0.3286429,0.2767714,0.3885143,23.78,297.82,78.4814285714,14.9614285714,NA,NA,21.7,6
"217","iq",35,"2004-08-26",0.3113,0.2609286,0.2330143,0.2997857,42.86,298.142857143,83.1728571429,16.0771428571,NA,32.8,20.4,6
"218","iq",36,"2004-09-02",0.3343571,0.3720286,0.3420143,0.2845857,147.32,297.771428571,86.54,16.4842857143,27.1,32,20.9,8
"219","iq",37,"2004-09-09",0.1302667,0.15128,0.1108143,0.1174857,46.58,298.457142857,88.7428571429,17.67,27.4,34.3,23,6
"220","iq",38,"2004-09-16",0.2680714,0.2102286,0.2273429,0.32515,36.64,297.721428571,91.2,17.44,27.1666666667,33,20.4,9
"221","iq",39,"2004-09-23",0.3915333,0.3207286,0.1595857,0.3325286,48.68,298.628571429,79.5571428571,15.9014285714,28,34.7,18.8,12
"222","iq",40,"2004-09-30",0.2754571,0.2193,0.2612571,0.3283857,85.69,299.17,84.8071428571,17.7114285714,28.65,35.5,21.8,19
"223","iq",41,"2004-10-07",0.2614714,0.1862429,0.3057286,0.2577429,52.27,297.568571429,88.8257142857,16.8242857143,26.975,33,20.6,8
"224","iq",42,"2004-10-14",0.3523286,0.2841714,0.3764143,0.3553429,65.25,298.057142857,94.16,18.5471428571,28.55,34.5,21.4,16
"225","iq",43,"2004-10-21",0.2538429,0.1996667,0.3036857,0.2235571,35.61,299.428571429,85.0657142857,17.9014285714,27.7,35.6,22.4,21
"226","iq",44,"2004-10-28",0.2953286,0.2312286,0.2604,0.3197714,74.01,298.441428571,87.87,17.5371428571,27.4,35.8,21.3,6
"227","iq",45,"2004-11-04",0.4148857,0.3245571,0.2727429,0.3656714,91.63,299.504285714,84.8271428571,17.8057142857,28.35,34.9,21.8,22
"228","iq",46,"2004-11-11",0.3466857,0.3154143,0.2708571,0.3742,74.68,297.168571429,96.3542857143,18.1214285714,27.2,33.7,22.4,37
"229","iq",47,"2004-11-18",0.2278714,0.1945,0.1909143,0.2095571,74.08,299.418571429,84.6114285714,17.7385714286,28.25,35.8,22.5,33
"230","iq",48,"2004-11-25",0.2153167,0.1672857,0.2026286,0.2191286,71.98,297.958571429,95.2514285714,18.7142857143,28,35.3,22.6,18
"231","iq",49,"2004-12-02",0.2019429,0.1593667,0.1590429,0.2410857,53.01,299.177142857,87.13,18.11,27.9,34.1,22.4,83
"232","iq",50,"2004-12-09",0.3234286,0.3095143,0.2758286,0.3359,70.04,297.787142857,93.9385714286,18.2071428571,NA,NA,NA,116
"233","iq",51,"2004-12-16",0.2611429,0.2033143,0.2437429,0.2363571,49.56,298.701428571,88.78,18.04,28.375,34,22.6,32
"234","iq",52,"2004-12-23",0.3648625,0.3266,0.4031125,0.3162,109.83,298.404285714,93.2528571429,18.8557142857,27.8,33.3,22.6,7
"235","iq",53,"2005-01-01",NA,NA,NA,NA,NA,NA,NA,NA,NA,NA,NA,9
"236","iq",1,"2005-01-08",0.3148429,0.1866286,0.3033,0.2704,70.6,298.162857143,93.0057142857,18.37,28.5,33.2,23,10
"237","iq",2,"2005-01-15",0.3044143,0.3612571,0.3126,0.3156286,93.73,297.662857143,95.53,18.4085714286,28.4,34.2,22.5,5
"238","iq",3,"2005-01-22",0.3459333,0.3118,0.291,0.3379714,60.52,300.068571429,83.3,18.2585714286,28.8666666667,35.5,22.5,8
"239","iq",4,"2005-01-29",0.3643667,0.2779143,0.2925571,0.2806857,25.67,299.648571429,87.3128571429,18.6457142857,28.8666666667,35.1,22.1,7
"240","iq",5,"2005-02-05",0.1582286,0.16725,0.1518143,0.1266,88.96,299.061428571,89.4271428571,18.6357142857,28.525,35.4,22.2,8
"241","iq",6,"2005-02-12",0.2151857,0.1728143,0.2623,0.2283571,52.61,296.752857143,95.9771428571,17.5757142857,27.4666666667,32.8,21.4,11
"242","iq",7,"2005-02-19",0.1995,0.2024571,0.2189,0.1806857,125.35,298.027142857,95.7485714286,18.9471428571,27.5,32.3,22.3,6
"243","iq",8,"2005-02-26",0.2011,0.2081429,0.2812143,0.2109,46.98,298.295714286,91.5771428571,18.2014285714,28.65,35.2,22.4,7
"244","iq",9,"2005-03-05",0.2937167,0.2696167,0.2308,0.2771,54.22,298.158571429,94.4014285714,18.7314285714,28.2666666667,33.8,23.3,7
"245","iq",10,"2005-03-12",0.1558429,0.1370833,0.2418714,0.1464286,155.54,297.957142857,97.6871428571,19.2742857143,26.8,34.8,23.4,14
"246","iq",11,"2005-03-19",0.2515167,0.1817667,0.1545286,0.2099571,162.51,297.314285714,92.2671428571,17.3985714286,28.7,33.8,22.5,7
"247","iq",12,"2005-03-26",0.2150714,0.2127,0.1209286,0.2354286,99.37,298.37,89.82,17.82,27.72,33.4,22.5,9
"248","iq",13,"2005-04-02",0.3816857,0.3683143,0.3837714,0.3666571,55.12,297.37,93.8014285714,17.6242857143,28.25,34.3,20.8,13
"249","iq",14,"2005-04-09",0.3091143,0.2173571,0.3001,0.2446571,87.41,297.708571429,92.4171428571,17.8928571429,28.1,33.8,21.6,16
"250","iq",15,"2005-04-16",0.1869333,0.1447571,0.1957429,0.1824286,40.03,297.701428571,97.3228571429,18.8857142857,27.65,32.9,22.5,7
"251","iq",16,"2005-04-23",0.2082833,0.1649167,0.2776667,0.1962667,37.6,297.437142857,97.3814285714,18.5971428571,28.85,34,22.7,9
"252","iq",17,"2005-04-30",0.2141,0.2315333,0.1616857,0.2017714,78.8,297.927142857,97.1628571429,19.1528571429,28.6,33.8,23.7,2
"253","iq",18,"2005-05-07",0.1465333,0.1345833,0.1343143,0.1880571,33.29,297.33,95.9371428571,18.1814285714,25.8,33.5,21,13
"254","iq",19,"2005-05-14",0.2484333,0.2341,0.2020667,0.1930667,49.07,298.684285714,88.2942857143,17.94,27.9,34.6,21,8
"255","iq",20,"2005-05-21",0.2700857,0.1737571,0.2104571,0.2297429,56.22,297.532857143,93.9185714286,17.9571428571,NA,33.2,23.6,3
"256","iq",21,"2005-05-28",0.3118143,0.3585429,0.2806571,0.2474571,43.14,299.005714286,84.6585714286,17.4071428571,27.4,33.6,22.4,5
"257","iq",22,"2005-06-04",0.3782857,0.3693714,0.3631857,0.3612429,61.75,298.434285714,86.7014285714,17.2,NA,33.9,20.9,4
"258","iq",23,"2005-06-11",0.1395143,0.1401,0.14235,0.1185429,40.44,297.304285714,94.5928571429,17.7885714286,27.1,32.4,22,8
"259","iq",24,"2005-06-18",0.2890857,0.2256429,0.2247143,0.2651286,104.83,297.377142857,89.1942857143,16.8242857143,27.6666666667,33.3,22,2
"260","iq",25,"2005-06-25",0.2915571,0.2460714,0.3518571,0.2604571,50.88,297.857142857,84.4671428571,16.1685714286,27.35,32.8,22.4,3
"261","iq",26,"2005-07-02",0.2747143,0.1780143,0.2843143,0.2271714,23.6,296.82,88.3871428571,15.8771428571,26.8333333333,33.7,20.8,5
"262","iq",27,"2005-07-09",0.2008,0.2010667,0.1622667,0.2214,43.24,297.865714286,84.6928571429,16.0385714286,27.8,34.5,21.6,7
"263","iq",28,"2005-07-16",0.3869286,0.3350571,0.3298429,0.4413429,109.71,296.988571429,77.3728571429,13.9285714286,27.8,34.2,17.6,3
"264","iq",29,"2005-07-23",0.1680286,0.1343286,0.1865571,0.1472571,27.33,297.794285714,75.6971428571,14.1914285714,26.55,33.8,18.2,5
"265","iq",30,"2005-07-30",0.3474857,0.2537,0.2769571,0.3653143,42.32,296.898571429,84.2385714286,15.26,21.4,32.3,18.5,6
"266","iq",31,"2005-08-06",0.3286857,0.3132571,0.2262143,0.2740143,0,298.221428571,75.5714285714,14.6085714286,26.25,32.3,19.2,5
"267","iq",32,"2005-08-13",0.2826429,0.2270286,0.2825571,0.239,38.17,298.925714286,74.8557142857,15.15,27.325,33.5,19.8,5
"268","iq",33,"2005-08-20",0.2669857,0.2939286,0.336,0.2924857,17.85,299.605714286,64.6585714286,13.59,NA,32.8,17.3,4
"269","iq",34,"2005-08-27",0.3288,0.2715571,0.2723,0.3005,69.62,298.428571429,83.8542857143,16.44,27.75,35,20.3,0
"270","iq",35,"2005-09-03",0.4568333,0.3595833,0.35945,0.3801167,12.81,298.184285714,79.6471428571,15.4285714286,26.8,35.2,21.4,0
"271","iq",36,"2005-09-10",0.3354286,0.2007143,0.3228857,0.3091429,36.98,300.058571429,71.9714285714,15.5185714286,NA,NA,21.8,0
"272","iq",37,"2005-09-17",0.2394286,0.2148714,0.2390429,0.2276,18.66,298.88,83.73,17.2228571429,NA,NA,NA,0
"273","iq",38,"2005-09-24",0.1845667,0.1952571,0.1543857,0.2124833,2.56,298.498571429,76.5957142857,15.06,25.7666666667,34.3,16.9,0
"274","iq",39,"2005-10-01",0.4054167,0.4287714,0.3706,0.4210857,29.8,301.175714286,67.2128571429,15.3314285714,28.65,37.1,20.7,2
"275","iq",40,"2005-10-08",0.3321571,0.3463667,0.2586143,0.3210429,54.7,299.11,74.9528571429,15.4357142857,28.8,36.3,21,4
"276","iq",41,"2005-10-15",0.3734286,0.2774833,0.3742286,0.3522714,60,299.515714286,75.5085714286,15.9157142857,28.5,37,22.3,4
"277","iq",42,"2005-10-22",0.3072571,0.2782143,0.3548286,0.2869571,73.97,299.578571429,81.6914285714,17.4171428571,29.1,36.5,21.7,3
"278","iq",43,"2005-10-29",0.3635571,0.3000429,0.2898286,0.3261429,100.06,298.065714286,89.1428571429,17.3642857143,28.3,34.3,21.3,3
"279","iq",44,"2005-11-05",0.1875714,0.2133714,0.1718571,0.1789571,59.15,299.458571429,87.2314285714,18.55,28.2333333333,34.3,21.8,5
"280","iq",45,"2005-11-12",0.3938,0.2986286,0.4019857,0.4103714,75.36,298.6,89.31,17.9742857143,NA,34.6,22.3,6
"281","iq",46,"2005-11-19",0.4424286,0.3481714,0.3430714,0.4731429,49.87,298.31,93.1771428571,18.5828571429,27.6,34.5,21.5,14
"282","iq",47,"2005-11-26",0.2825714,0.2206,0.2882143,0.2400857,72.34,299.412857143,90.3485714286,19.1942857143,28.5,35,21.8,3
"283","iq",48,"2005-12-03",0.3178143,0.3027,0.3369429,0.4171286,78.52,299.42,86.4085714286,18.3042857143,28.2666666667,34.3,21.7,7
"284","iq",49,"2005-12-10",0.3585857,0.2194857,0.2579143,0.2992714,60.5,299.217142857,87.7214285714,18.3642857143,28.1,34.8,21.5,11
"285","iq",50,"2005-12-17",0.1984429,0.1941,0.1930143,0.247,46.91,298.574285714,92.9571428571,18.9457142857,28.1,34,22.3,2
"286","iq",51,"2005-12-24",0.180575,0.1413333,0.2552833,0.1383714,151,298.021428571,95.6742857143,18.9157142857,28.3,33.6,22.9,6
"287","iq",52,"2006-01-01",0.3546,0.21995,0.3225167,0.2563333,114.58,298.181428571,93.8214285714,18.5842857143,27.45,32.7,22.4,8
"288","iq",1,"2006-01-08",0.1995143,0.2393429,0.2276571,0.2155,38.78,298.832857143,73.1614285714,14.5242857143,NA,34.5,19.7,25
"289","iq",2,"2006-01-15",0.2284,0.2020714,0.19475,0.23035,138.46,298.728571429,88.3357142857,18.1657142857,27.78,34.5,21.4,21
"290","iq",3,"2006-01-22",0.1743,0.1336429,0.1117571,0.1944286,88.85,298.46,89.9557142857,17.9414285714,NA,33.8,21.5,10
"291","iq",4,"2006-01-29",0.1517667,0.1377,0.1478,0.1607833,49.32,297.188571429,93.1142857143,17.3642857143,27.3,33.5,22.3,28
"292","iq",5,"2006-02-05",0.3791143,0.3053286,0.3459714,0.3715714,34.17,297.165714286,97.32,18.2642857143,NA,33.7,21.5,39
"293","iq",6,"2006-02-12",0.2568143,0.13605,0.1978286,0.2583143,71.87,297.64,95.8271428571,18.4428571429,28,32.6,23.6,20
"294","iq",7,"2006-02-19",0.3827,0.2506,0.2436571,0.2856,44.35,297.064285714,91.0985714286,16.9271428571,28.6,33.8,24.2,24
"295","iq",8,"2006-02-26",0.2621143,0.1248,0.2153571,0.1447857,23.44,298.938571429,86.0314285714,17.6057142857,28.24,34.3,21.3,28
"296","iq",9,"2006-03-05",0.1786667,0.1959333,0.1412667,0.1282833,79.13,298.252857143,92.6057142857,18.4014285714,27.4333333333,32.9,21.9,26
"297","iq",10,"2006-03-12",0.4246286,0.4113,0.3731857,0.3158571,94.99,297.925714286,96.36,18.9028571429,28,33.3,21.9,8
"298","iq",11,"2006-03-19",0.1924286,0.1158857,0.1940571,0.1712714,121.69,297.931428571,93.3471428571,18.2,27.975,33.7,22.4,9
"299","iq",12,"2006-03-26",0.2885667,0.17954,0.2972714,0.2236429,120.62,297.494285714,93.7871428571,17.9114285714,27.4,32.3,23,12
"300","iq",13,"2006-04-02",0.24505,0.18885,0.2235333,0.1816667,121.46,298.04,95.0242857143,18.7342857143,28.3,33.7,22,18
"301","iq",14,"2006-04-09",0.2416714,0.2054,0.1560143,0.2833143,41.68,297.774285714,91.8114285714,17.61,27.9333333333,33.7,22.6,9
"302","iq",15,"2006-04-16",0.3011286,0.2650571,0.2553143,0.2626857,75.33,297.825714286,95.51,18.7142857143,28.3,33.9,21.4,9
"303","iq",16,"2006-04-23",0.3309,0.2654714,0.3195571,0.2849429,69.6,298.061428571,92.1114285714,18.0828571429,27.4,32.8,22.5,6
"304","iq",17,"2006-04-30",0.2055714,0.23605,0.1919143,0.1393714,74.93,296.85,90.8642857143,16.5585714286,27,33.5,19.5,6
"305","iq",18,"2006-05-07",0.1516,0.0846,0.1763143,0.1137286,65.07,297.63,93.6357142857,17.9628571429,27.85,33.3,22.5,8
"306","iq",19,"2006-05-14",0.2866571,0.1871571,0.2665143,0.2874571,127.24,296.184285714,96.0985714286,16.9771428571,24.3,32.3,21.7,5
"307","iq",20,"2006-05-21",0.3392857,0.3482857,0.3158286,0.3745714,1.52,296.054285714,72.0342857143,12.1114285714,25.2,31.7,19.4,7
"308","iq",21,"2006-05-28",0.2065143,0.1171429,0.1692714,0.1700714,91.4,297.992857143,80.3857142857,15.46,27.4666666667,34,21.7,6
"309","iq",22,"2006-06-04",0.09837143,0.1010667,0.1863143,0.09775,79.48,295.987142857,92.5057142857,16.0257142857,25.6,31.9,19.3,5
"310","iq",23,"2006-06-11",0.3404429,0.1908571,0.3513429,0.2586143,130.66,297.044285714,93.4757142857,17.1957142857,26.2,33,21.5,3
"311","iq",24,"2006-06-18",0.1732714,0.185,0.1369286,0.1680429,84.99,297.427142857,87.2142857143,16.2585714286,28.1,34.4,21.4,1
"312","iq",25,"2006-06-25",0.22138,0.22336,0.3714167,0.22146,71.69,296.724285714,88.4714285714,15.8014285714,26.6,32.5,20.4,0
"313","iq",26,"2006-07-02",0.3118571,0.2039333,0.3360286,0.3046286,17.21,296.851428571,83.4671428571,15.02,27.2,33.4,19.8,1
"314","iq",27,"2006-07-09",0.3201714,0.2081,0.2921143,0.2326857,20.72,296.448571429,90.4328571429,16.0057142857,26.7,33,21.7,2
"315","iq",28,"2006-07-16",0.3499857,0.2920429,0.2884571,0.2949167,1.17,297.621428571,77.2714285714,14.4171428571,26.25,33.1,20.6,3
"316","iq",29,"2006-07-23",0.3602857,0.341,0.3629571,0.3211286,54.72,297.397142857,85.14,15.7885714286,27.4,34.1,19.9,2
"317","iq",30,"2006-07-30",0.3186857,0.3523429,0.3766429,0.2859,28.66,297.504285714,79.7428571429,14.88,26.6,32.6,18.5,2
"318","iq",31,"2006-08-06",0.2016857,0.1625571,0.2003286,0.2015571,44.96,297.51,88.7071428571,16.7071428571,27.225,34.2,19.7,2
"319","iq",32,"2006-08-13",0.4397857,0.3675857,0.3333143,0.3809857,11.79,297.5,79.2428571429,14.6314285714,27.6,33.9,19.4,2
"320","iq",33,"2006-08-20",0.2908,0.238675,0.2856571,0.3337,47.74,298.648571429,84.62,17.0657142857,27.6666666667,33.3,20.9,2
"321","iq",34,"2006-08-27",0.2736429,0.2089429,0.2408857,0.2427571,68.6,298.735714286,83.0471428571,16.6914285714,27.3,34.9,20.9,4
"322","iq",35,"2006-09-03",0.3097833,0.3501286,0.2846833,0.3948167,68,298.28,85.3728571429,16.7771428571,26.5,33.2,20.3,0
"323","iq",36,"2006-09-10",0.2277857,0.2833143,0.2443714,0.2834143,90.33,299.265714286,75.53,15.4571428571,27.42,34.1,20.6,6
"324","iq",37,"2006-09-17",0.28004,0.2367167,0.2361833,0.25855,111.87,297.802857143,77.2542857143,14.6428571429,28.35,35,17.8,3
"325","iq",38,"2006-09-24",0.3807286,0.3783667,0.3023,0.3075714,82.2,299.34,77.5142857143,15.91,27.9333333333,34.8,21.4,2
"326","iq",39,"2006-10-01",0.4655,0.2415429,0.4734,0.4934429,134.64,299.381428571,82.8457142857,17.2542857143,28.5666666667,35.2,22,6
"327","iq",40,"2006-10-08",0.35495,0.2479333,0.3508143,0.3139167,60.48,299.465714286,80.49,16.7385714286,28.7,35.9,21.1,2
"328","iq",41,"2006-10-15",0.1556167,0.19152,0.2151857,0.1546143,41.69,299.345714286,86.8528571429,18.4471428571,28.06,33.7,22.1,7
"329","iq",42,"2006-10-22",0.3215,0.2769,0.2100857,0.3337571,103.77,299.648571429,90.3785714286,19.5957142857,28.6,35.4,22.8,4
"330","iq",43,"2006-10-29",0.4882286,0.3681429,0.4377429,0.3788286,55.94,298.794285714,89.7,18.3114285714,27.56,33.8,19.8,6
"331","iq",44,"2006-11-05",0.3603286,0.2740143,0.3477143,0.3247857,67.5,300.467142857,82.9342857143,18.63,28.8333333333,35.7,22,6
"332","iq",45,"2006-11-12",0.2951286,0.2463857,0.3020714,0.277,80.25,299.432857143,92.0885714286,19.7314285714,28.25,33.9,22.4,2
"333","iq",46,"2006-11-19",0.3191429,0.1862857,0.2737,0.2470286,86.65,297.295714286,94.44,17.7914285714,27.6,33.2,21.8,13
"334","iq",47,"2006-11-26",0.3405571,0.2662571,0.3427286,0.3283857,43.59,298.098571429,94.3028571429,18.6385714286,27,32.3,22.5,10
"335","iq",48,"2006-12-03",0.1504714,0.1515714,0.1926,0.1557286,75.33,299.197142857,89.55,18.7442857143,27.9,34.9,22.9,5
"336","iq",49,"2006-12-10",0.4470833,0.3015143,0.3405714,0.4276,99.89,298.202857143,96.7957142857,19.4257142857,28.4,33.7,23.2,2
"337","iq",50,"2006-12-17",0.3785,0.3020333,0.3492286,0.4147857,157.75,298.158571429,95.8757142857,19.1114285714,NA,33.8,NA,0
"338","iq",51,"2006-12-24",0.32782,0.26192,0.3814667,0.35295,111.48,297.68,95.0785714286,18.3585714286,NA,32.9,23.5,1
"339","iq",1,"2007-01-01",0.2201167,0.1589571,0.1905714,0.1324,79.94,297.288571429,95.9271428571,18.1442857143,26.6,31.9,21.5,0
"340","iq",2,"2007-01-08",0.1732857,0.2069333,0.1343,0.2379571,37.06,297.104285714,96.2385714286,17.9628571429,26.825,31.7,22.9,14
"341","iq",3,"2007-01-15",0.2719,0.2938,0.2094143,0.2523,126.89,297.387142857,94.6471428571,17.9757142857,27.775,33.4,22.2,6
"342","iq",4,"2007-01-22",0.1936714,0.1394714,0.2619,0.3068571,95.47,297.614285714,96.9971428571,18.6885714286,27.7,33.6,22,10
"343","iq",5,"2007-01-29",0.1744143,0.1805,0.1590714,0.2003143,83.7,298.144285714,93.1357142857,18.4142857143,27.725,35,22.3,5
"344","iq",6,"2007-02-05",0.3175,0.4014857,0.3285429,0.4429286,61.8,298.33,87.53,17.3228571429,28.6,35.4,22.4,12
"345","iq",7,"2007-02-12",0.2858,0.2957,0.2570286,0.3195714,14.19,299.171428571,75.8042857143,15.6857142857,28.85,36.7,21.4,9
"346","iq",8,"2007-02-19",0.2570143,0.1182333,0.1790857,0.2372286,25.7,300.565714286,72.4457142857,15.9185714286,28.74,36.2,21.2,5
"347","iq",9,"2007-02-26",0.1735,0.1996333,0.1745,0.1659167,55.56,299.058571429,78.5857142857,16.02,28.56,35.8,20.4,11
"348","iq",10,"2007-03-05",0.216,0.2136,0.1889143,0.2275286,117.07,297.45,94.3485714286,17.9114285714,27.3,33,21.9,2
"349","iq",11,"2007-03-12",0.3033167,0.2850333,0.2571429,0.2926143,55.47,296.951428571,96.5228571429,17.8814285714,28,33.1,21.7,6
"350","iq",12,"2007-03-19",0.21324,0.2231286,0.2643714,0.2218286,150.33,297.684285714,90.8585714286,17.47,27,33.9,21.7,7
"351","iq",13,"2007-03-26",0.2386714,0.2447429,0.2162286,0.2591857,93.14,297.835714286,93.5857142857,18.2142857143,28.25,34.6,21.5,6
"352","iq",14,"2007-04-02",0.2381,0.1912,0.2749571,0.2738,97.04,297.717142857,95.82,18.5942857143,27.2666666667,34,22.6,5
"353","iq",15,"2007-04-09",0.1525167,0.1494857,0.2294143,0.1575571,98.94,297.555714286,95.5271428571,18.3285714286,27.85,34.4,21.3,9
"354","iq",16,"2007-04-16",0.1430857,0.2071571,0.1684571,0.2743143,93.62,297.031428571,94.7214285714,17.5514285714,27.4,33.5,22.1,5
"355","iq",17,"2007-04-23",0.2713714,0.1836571,0.203,0.3006,157.86,297.342857143,95.5257142857,18.1042857143,27.0333333333,34.1,22,8
"356","iq",18,"2007-04-30",0.1947143,0.1541,0.2957143,0.1730857,103.39,297.225714286,93.47,17.5171428571,27.85,33,21,3
"357","iq",19,"2007-05-07",0.1582571,0.1622857,0.1830714,0.2322714,89.15,296.905714286,95.0371428571,17.6114285714,28.1,33.5,21.5,4
"358","iq",20,"2007-05-14",0.1701857,0.1714,0.162,0.2290714,45.23,295.595714286,91.8328571429,15.6485714286,28.1,32.5,19,11
"359","iq",21,"2007-05-21",0.3646143,0.2568286,0.3299,0.3496857,64.11,297.232857143,94.8528571429,17.7185714286,28.25,33.8,21.7,5
"360","iq",22,"2007-05-28",0.09005714,0.08222857,0.1110571,0.06474286,76.68,296.178571429,89.28,15.74,24.7,32.8,17.5,8
"361","iq",23,"2007-06-04",0.2085,0.25695,0.2148833,0.2338571,39.11,296.861428571,91.72,16.7271428571,26.5,31.3,20.4,4
"362","iq",24,"2007-06-11",0.3420714,0.2853,0.3405571,0.3012286,54.78,296.65,91.4585714286,16.3885714286,26.6,32.6,20.7,3
"363","iq",25,"2007-06-18",0.1667,0.1207857,0.1729714,0.1659,78.83,296.118571429,94.0657142857,16.4228571429,25.9666666667,32,21.2,1
"364","iq",26,"2007-06-25",0.1534571,0.1744571,0.2022143,0.1292571,11.41,296.571428571,92.6714285714,16.6314285714,26.5666666667,31.7,20.7,2
"365","iq",27,"2007-07-02",0.1814429,0.2692286,0.1934571,0.2099429,1.59,296.828571429,78.0742857143,13.8042857143,25.9,32,19.6,3
"366","iq",28,"2007-07-09",0.3217667,0.2734,0.2545,0.3513,18.78,297.385714286,83.3871428571,15.4157142857,26.75,32.7,19.9,4
"367","iq",29,"2007-07-16",0.3075571,0.3397,0.3642429,0.3648429,26.29,296.058571429,94.2471428571,16.3914285714,26.5333333333,31.3,20.9,1
"368","iq",30,"2007-07-23",0.3589714,0.4017571,0.2960857,0.4225,27.91,297.64,84.1557142857,15.8457142857,27.35,33.2,20.7,8
"369","iq",31,"2007-07-30",0.4172286,0.3699286,0.3669714,0.4898714,70.88,296.724285714,82.5714285714,14.7185714286,24.25,34,16.4,5
"370","iq",32,"2007-08-06",0.2782429,0.2361286,0.2923,0.2669571,35.77,297.82,76.6185714286,14.3371428571,26.475,32.7,17.2,3
"371","iq",33,"2007-08-13",0.2666667,0.2719333,0.2438857,0.1964571,36.78,298.091428571,80.9357142857,15.5657142857,26.9,33.1,21.3,2
"372","iq",34,"2007-08-20",0.3393714,0.3569714,0.3291286,0.3687143,9.06,298.785714286,79.3342857143,15.7571428571,27.125,33.3,19.9,7
"373","iq",35,"2007-08-27",0.2787857,0.2463571,0.2349857,0.3737429,30.26,300.667142857,67.7571428571,14.7942857143,27.05,34.7,19.9,1
"374","iq",36,"2007-09-03",0.27955,0.2826857,0.3277143,0.3280571,76.28,297.098571429,92.6571428571,17.1828571429,26.3,34,20.9,6
"375","iq",37,"2007-09-10",0.2888167,0.2889571,0.2660714,0.3393,49.85,298.56,84.4128571429,16.65,26.9,32.9,21.4,7
"376","iq",38,"2007-09-17",0.3156571,0.3545,0.3326429,0.4172,58.22,298.508571429,86.7071428571,17.3671428571,27.2,33,21.6,5
"377","iq",39,"2007-09-24",0.2309,0.2363429,0.2308857,0.3128,59.79,299.698571429,78.5642857143,16.8042857143,27.8333333333,34.1,21.1,2
"378","iq",40,"2007-10-01",0.3199714,0.2544167,0.3151,0.2934714,37.28,298.281428571,89.8442857143,17.84,28.4,35.5,21.6,6
"379","iq",41,"2007-10-08",0.3851857,0.4050714,0.3106286,0.4381286,39.09,299.575714286,80.45,17.01,28.4,34.2,21.8,11
"380","iq",42,"2007-10-15",0.2251286,0.1505143,0.1959857,0.2383857,74.52,299.444285714,86.7057142857,18.2657142857,29,35.2,21.9,6
"381","iq",43,"2007-10-22",0.4034714,0.3202286,0.4087,0.4229,106.73,296.971428571,94.7814285714,17.5428571429,26.9,32.1,20.9,3
"382","iq",44,"2007-10-29",0.2657429,0.2856,0.2923143,0.2469143,51.28,297.83,95.5928571429,18.6728571429,27,34,21.6,11
"383","iq",45,"2007-11-05",0.3334571,0.3242571,0.2469,0.3311286,69.88,299.478571429,84.85,17.9785714286,28.7,34.8,22.5,11
"384","iq",46,"2007-11-12",0.1784286,0.12875,0.2167714,0.1853,109.5,298.134285714,93.5542857143,18.5485714286,27.675,33.5,21.6,5
"385","iq",47,"2007-11-19",0.2284714,0.1886571,0.2345571,0.1996714,52.27,297.681428571,96.2142857143,18.6128571429,26.62,33.3,21.8,4
"386","iq",48,"2007-11-26",0.16564,0.1793,0.1276,0.1819143,129.33,297.88,96.5228571429,18.9242857143,27.125,32.3,22.4,9
"387","iq",49,"2007-12-03",0.2993714,0.3367143,0.2615857,0.3498429,73.16,298.52,91.6542857143,18.6071428571,27.9,33,22.8,23
"388","iq",50,"2007-12-10",0.3138333,0.2335143,0.2426,0.2937429,83.39,299.048571429,86.7557142857,17.91,28.85,34.2,22.6,28
"389","iq",51,"2007-12-17",0.2698,0.2756857,0.2755143,0.2367143,146.13,297.141428571,96.0742857143,18.0342857143,27.625,32.9,22.4,26
"390","iq",52,"2007-12-24",0.1992,0.1947667,0.1711111,0.2308222,53.57,297.64,93.4685714286,17.9828571429,27.7,32.1,21.7,7
"391","iq",1,"2008-01-01",0.1914714,0.1554143,0.1760143,0.1872429,19.95,299.277142857,78.67,16.26,28.275,36,21.5,29
"392","iq",2,"2008-01-08",0.4449333,0.27585,0.3569,0.4697286,71.84,296.095714286,95.28,16.6814285714,25.8,31.4,22.6,58
"393","iq",3,"2008-01-15",0.1882286,0.2208286,0.2332429,0.1699714,95.97,298.034285714,94.9685714286,18.8657142857,27.4333333333,33.8,21.8,26
"394","iq",4,"2008-01-22",0.2779714,0.3249286,0.2219143,0.2956714,102.59,297.207142857,95.1257142857,17.84,NA,31.3,21.9,38
"395","iq",5,"2008-01-29",0.35195,0.3705714,0.3138,0.4029714,110,298.398571429,93,18.6857142857,27.5666666667,32.2,22.8,35
"396","iq",6,"2008-02-05",0.2256429,0.17075,0.1981,0.1860714,38.72,299.49,78.1314285714,16.2842857143,27.8666666667,34.5,20.5,37
"397","iq",7,"2008-02-12",0.1739429,0.1989167,0.1684286,0.1734286,47.23,297.77,95.7071428571,18.5571428571,26.6,31.7,22.1,20
"398","iq",8,"2008-02-19",0.24095,0.2236,0.1620429,0.1874429,122.64,297.095714286,92.37,17.13,28,33.4,22,29
"399","iq",9,"2008-02-26",0.3493143,0.2227286,0.2677286,0.3878714,101.33,296.964285714,96.9271428571,17.9471428571,26.85,32.5,22.5,25
"400","iq",10,"2008-03-04",0.1697429,0.1386667,0.1700571,0.2008429,210.83,297.754285714,88.9728571429,17.0642857143,27.18,33.3,21.9,23
"401","iq",11,"2008-03-11",0.1292429,0.1729571,0.1260286,0.1506571,96.05,298.017142857,89.2685714286,17.5057142857,26.25,33.2,22.2,9
"402","iq",12,"2008-03-18",0.2383333,0.2327286,0.1239429,0.2000714,91.87,296.755714286,93.4514285714,16.9971428571,NA,31.7,22,3
"403","iq",13,"2008-03-25",0.3366,0.3042143,0.3229,0.3773143,62.13,297.094285714,94.0742857143,17.5071428571,26.9,31.7,22.6,6
"404","iq",14,"2008-04-01",0.2700833,0.1902714,0.1906571,0.2151571,107,297.694285714,90.9571428571,17.4214285714,27.8666666667,33.4,22.5,6
"405","iq",15,"2008-04-08",0.2843571,0.3536714,0.3217857,0.3028286,71.45,297.537142857,95.1571428571,18.3157142857,28.3,32.8,21,3
"406","iq",16,"2008-04-15",0.3026143,0.2446714,0.2963143,0.3287571,79.74,297.447142857,92.1242857143,17.5042857143,26.8,33.6,21.7,1
"407","iq",17,"2008-04-22",0.2706,0.3713143,0.3442286,0.2830714,42.05,296.76,97.9714285714,17.9642857143,26.65,33,21.6,3
"408","iq",18,"2008-04-29",0.06172857,0.1339,0.09471429,0.1178429,42.12,298.072857143,93.6628571429,18.3985714286,27.8666666667,32.5,22.7,1
"409","iq",19,"2008-05-06",0.1361571,0.1631571,0.1391571,0.1345571,50.5,295.975714286,93.1585714286,16.18,26.6,32.4,20.6,1
"410","iq",20,"2008-05-13",0.1963857,0.29632,0.2641571,0.2255857,30.08,294.85,91.5042857143,14.78,26.1666666667,31,18,0
"411","iq",21,"2008-05-20",0.2210167,0.2353167,0.1804429,0.1994714,45.69,296.268571429,96.6214285714,17.1442857143,26.35,31.5,21.4,2
"412","iq",22,"2008-05-27",0.12245,0.1571,0.086,0.1033143,72.04,296.741428571,96.0257142857,17.52,27.2,32.3,21.7,1
"413","iq",23,"2008-06-03",0.1951857,0.1577143,0.1844286,0.1336143,30.09,296.4,93.9828571429,16.7114285714,26.9,31.1,20.4,1
"414","iq",24,"2008-06-10",0.2937429,0.2643667,0.2466286,0.2919571,13.27,296.187142857,88.81,15.3757142857,NA,NA,17.8,0
"415","iq",25,"2008-06-17",0.2240286,0.1754714,0.2656571,0.2452143,111.18,296.742857143,95.86,17.4471428571,NA,NA,21,0
"416","iq",26,"2008-06-24",0.1970429,0.2779833,0.2139429,0.2656143,89.88,296.458571429,93.7957142857,16.7128571429,NA,NA,18,1
"417","iq",27,"2008-07-01",0.3048286,0.2336714,0.2489143,0.2558143,0,296.542857143,86.5242857143,15.2857142857,NA,NA,20.8,0
"418","iq",28,"2008-07-08",0.15385,0.1495857,0.3294429,0.1328857,0,296.545714286,85.6557142857,15.08,NA,NA,21,3
"419","iq",29,"2008-07-15",0.2323857,0.2139571,0.2203,0.1984286,62.84,296.078571429,93.0557142857,16.1428571429,NA,NA,21,3
"420","iq",30,"2008-07-22",0.3270167,0.2091167,0.2837667,0.30955,52.36,296.545714286,92.7771428571,16.5828571429,26.6,32.4,20.8,1
"421","iq",31,"2008-07-29",0.3548,0.34655,0.2674167,0.3921167,44.63,297.044285714,92.0485714286,16.8728571429,26.68,33.4,20.6,5
"422","iq",32,"2008-08-05",0.2002,0.2513857,0.2113429,0.1997286,32.45,297.31,91.0928571429,17.0571428571,27.4,34.2,18.5,2
"423","iq",33,"2008-08-12",0.4303714,0.4330143,0.4369143,0.4657286,26.03,297.214285714,90.7271428571,16.8471428571,27.9,34.8,19.8,5
"424","iq",34,"2008-08-19",0.2833,0.3044714,0.2744571,0.3805,12.88,299.228571429,78.2771428571,15.9985714286,28,38.6,19.2,5
"425","iq",35,"2008-08-26",0.3181857,0.3197667,0.3081714,0.3236,58.2,298.574285714,84.4914285714,16.6528571429,27.8333333333,35.1,20.4,5
"426","iq",36,"2008-09-02",0.3398,0.3691,0.2888,0.3092333,34.59,298.531428571,83.05,16.4657142857,27.35,36.2,20.4,9
"427","iq",37,"2008-09-09",0.2319,0.27625,0.2612,0.2327833,86.14,296.921428571,92.6528571429,17.03,27.9666666667,36.2,20.8,17
"428","iq",38,"2008-09-16",0.2168,0.2773333,0.2089333,0.3362667,65.43,297.588571429,88.5257142857,16.8185714286,27.8,35.6,20.7,19
"429","iq",39,"2008-09-23",0.41495,0.3634286,0.3224,0.4006857,61.38,297.66,90.1814285714,17.0471428571,27.75,37,20.8,25
"430","iq",40,"2008-09-30",0.3930857,0.3782714,0.3437,0.4048429,24.28,299.178571429,79.5028571429,16.3314285714,NA,36,19.6,45
"431","iq",41,"2008-10-07",0.1605571,0.1638714,0.1949333,0.2061143,69.47,300.101428571,78.4542857143,17.0185714286,30.0333333333,37,21.5,34
"432","iq",42,"2008-10-14",0.2882,0.2278571,0.2807571,0.3579714,69.39,298.35,88.8571428571,17.5271428571,26.45,34.7,21,63
"433","iq",43,"2008-10-21",0.3291571,0.2279,0.2733429,0.2568429,52.65,297.867142857,93.8542857143,18.3885714286,27.3333333333,35.5,21.5,44
"434","iq",44,"2008-10-28",0.1617429,0.1962,0.1982714,0.2196143,43.6,298.372857143,92.6085714286,18.4842857143,27.4,35,21.2,50
"435","iq",45,"2008-11-04",0.5010286,0.445,0.4276857,0.5457286,57.85,298.464285714,95.29,19.2528571429,27.82,35.6,21.2,35
"436","iq",46,"2008-11-11",0.3042857,0.2946429,0.3062714,0.4003857,60.36,298.498571429,88.3285714286,17.6257142857,28.3,36,20.5,16
"437","iq",47,"2008-11-18",0.1930571,0.1965286,0.1762571,0.1830571,59.44,298.89,94.1414285714,19.6171428571,27.9666666667,34.5,21.7,16
"438","iq",48,"2008-11-25",0.2510143,0.2883143,0.2537,0.3213,81.11,298.53,95.26,19.3885714286,26.1,33.5,21,13
"439","iq",49,"2008-12-02",0.1643667,0.19635,0.1731333,0.1549167,45.03,298.111428571,94.64,18.7785714286,26.96,33.7,21,9
"440","iq",50,"2008-12-09",0.2894167,0.34778,0.2748286,0.2580857,64.03,298.651428571,88.5514285714,17.7842857143,27.8,35,21.2,15
"441","iq",51,"2008-12-16",0.1783857,0.2191714,0.2497286,0.1923,70.92,298.528571429,91.7771428571,18.5728571429,27.825,35,20.5,4
"442","iq",52,"2008-12-23",0.2634125,0.219875,0.2000875,0.226625,55.11,299.557142857,81.8685714286,17.2485714286,28.08,35.4,21.2,0
"443","iq",1,"2009-01-01",0.1512857,0.1616857,0.1532714,0.1194429,NA,NA,NA,NA,NA,NA,NA,1
"444","iq",2,"2009-01-08",0.2299167,0.12234,0.2611667,0.22305,52.28,297.725714286,95.2228571429,18.4614285714,27.2666666667,34.8,21.1,10
"445","iq",3,"2009-01-15",0.1884857,0.1881857,0.2039143,0.2775,72.03,296.682857143,98.61,17.9957142857,27.18,33.3,21.1,11
"446","iq",4,"2009-01-22",0.1884571,0.1993143,0.2027,0.2139286,76.16,296.55,92.4671428571,16.6414285714,27.5666666667,34,21.8,29
"447","iq",5,"2009-01-29",0.1667333,0.1737333,0.1904333,0.1617167,118.54,297.495714286,94.9285714286,18.13,27.65,33.9,21.1,35
"448","iq",6,"2009-02-05",0.2799143,0.2402857,0.1957286,0.3076571,149.06,297.405714286,97.0071428571,18.4842857143,27.4666666667,35,21,30
"449","iq",7,"2009-02-12",0.1702714,0.1511143,0.1404714,0.1429714,60.51,297.322857143,94.2342857143,17.7657142857,28.1,35,21.2,20
"450","iq",8,"2009-02-19",0.1887857,0.1594571,0.1568714,0.2029857,124.8,297.685714286,92.9057142857,17.8528571429,27.7,35,20.5,21
"451","iq",9,"2009-02-26",0.28236,0.3051167,0.2940833,0.3160167,147.44,297.391428571,95.1214285714,18.1285714286,26.58,33.2,20.5,12
"452","iq",10,"2009-03-05",0.3620714,0.3367,0.3453,0.3792857,58.56,297.844285714,94.3785714286,18.3542857143,28.4,35,21,9
"453","iq",11,"2009-03-12",0.2034286,0.1784429,0.2259714,0.2018714,97.8,297.058571429,98.1342857143,18.3528571429,27.3,33.8,21,11
"454","iq",12,"2009-03-19",0.1578833,0.1921,0.2137286,0.2013857,106.68,297.365714286,95.7085714286,18.1057142857,27.8,33.7,21,9
"455","iq",13,"2009-03-26",0.2235857,0.2591333,0.2632857,0.3057857,100.78,297.152857143,94.9028571429,17.78,28.5,34.4,21.5,5
"456","iq",14,"2009-04-02",0.08905714,0.05895,0.08927143,0.09934286,131.17,297.245714286,96.3957142857,18.1757142857,27.95,34.2,21.7,11
"457","iq",15,"2009-04-09",0.1468429,0.1416571,0.1411857,0.1487714,133.47,297.89,89.6728571429,17.42,27.1333333333,35,21,3
"458","iq",16,"2009-04-16",0.2236,0.1788286,0.175,0.2161429,99.77,296.635714286,97.3,17.7042857143,26.9,33,21.2,5
"459","iq",17,"2009-04-23",0.1953429,0.2856714,0.1611857,0.2023857,52.74,297.545714286,96.6642857143,18.5042857143,26.8,34.4,21.2,5
"460","iq",18,"2009-04-30",0.2835857,0.3455143,0.2374429,0.3161286,99.89,297.404285714,95.0785714286,18.0185714286,27.15,34,21,4
"461","iq",19,"2009-05-07",0.1907571,0.2645571,0.2538857,0.2192,30.73,297.562857143,95.1,18.09,28.1,35,22,4
"462","iq",20,"2009-05-14",0.2077429,0.2278571,0.2542,0.2160429,38.51,297.607142857,93.2985714286,17.8585714286,28.075,35,22,1
"463","iq",21,"2009-05-21",0.3312143,0.2172,0.2093857,0.3445143,66.46,297.724285714,91.79,17.5857142857,28.35,34.6,21.4,0
"464","iq",22,"2009-05-28",0.2383429,0.1973167,0.1655,0.1901429,40.04,296.704285714,97.7428571429,17.83,27.6,34.4,21,2
"465","iq",23,"2009-06-04",0.114,0.09244286,0.09747143,0.1262857,42.22,296.125714286,95.5071428571,16.7571428571,28.1,34,22.2,3
"466","iq",24,"2009-06-11",0.1871286,0.1578,0.1434571,0.1994714,8.74,295.104285714,94.13,15.4828571429,24.6666666667,33.5,20,3
"467","iq",25,"2009-06-18",0.2916714,0.3070286,0.3562286,0.3891143,43.32,296.031428571,93.9714285714,16.3628571429,27.05,33.5,19.4,5
"468","iq",26,"2009-06-25",0.2708,0.2051833,0.2401286,0.2001571,141.65,297.217142857,94.5557142857,17.6671428571,27.375,33.4,21.2,2
"469","iq",27,"2009-07-02",0.1868571,0.1769143,0.2230714,0.2189857,68.15,296.452857143,94.5385714286,16.8742857143,27.45,33.4,21.4,1
"470","iq",28,"2009-07-09",0.3859143,0.2903833,0.3364286,0.2927857,91.4,296.065714286,95.3857142857,16.68,27.6,33.4,21.6,2
"471","iq",29,"2009-07-16",0.21965,0.37805,0.2238714,0.2659,65.19,296.527142857,94.6242857143,16.92,26.825,34.5,21.3,0
"472","iq",30,"2009-07-23",0.2078833,0.28085,0.1756,0.2616,35.82,296.525714286,88.23,15.51,26.95,32.2,21,0
"473","iq",31,"2009-07-30",0.1543571,0.1152714,0.1534571,0.1559,51.77,297.087142857,89.9714285714,16.6028571429,27,33.5,20.5,3
"474","iq",32,"2009-08-06",0.395,0.3527333,0.4842857,0.4019143,9.79,297.37,87.8114285714,16.3371428571,27.975,35.4,20.5,5
"475","iq",33,"2009-08-13",0.3308857,0.4083,0.4433571,0.3347714,35.23,298.357142857,87.11,17.04,27.7,33.4,21,5
"476","iq",34,"2009-08-20",0.2206286,0.1943571,0.2785714,0.2604571,6.52,298.677142857,80.64,16.2285714286,28.32,36.2,21.2,7
"477","iq",35,"2009-08-27",0.2453429,0.1859857,0.1813429,0.2820571,95.83,298.997142857,88.1771428571,18.1228571429,29,36.2,22,5
"478","iq",36,"2009-09-03",0.5083571,0.4544286,0.5383143,0.5148286,83.02,297.388571429,94.9928571429,17.9885714286,27.6,34.2,21,2
"479","iq",37,"2009-09-10",0.1896167,0.192,0.2368143,0.2696857,13.74,299.855714286,75.2328571429,15.8657142857,29.1666666667,37.4,21.4,2
"480","iq",38,"2009-09-17",0.26632,0.3133667,0.1956571,0.3070714,40.17,299.47,78.1185714286,16.2028571429,28.85,37.2,20.4,2
"481","iq",39,"2009-09-24",0.2943143,0.2706714,0.3020714,0.2540143,78.68,299.324285714,83.7628571429,17.38,28.8666666667,37,21,0
"482","iq",40,"2009-10-01",0.2063,0.2552571,0.2799571,0.2066571,57.18,298.034285714,91.5757142857,17.9471428571,27.95,35.2,20.5,2
"483","iq",41,"2009-10-08",0.2322714,0.2725,0.2715714,0.2853857,20.58,298.707142857,89.31,18.1342857143,27.64,34.8,21,1
"484","iq",42,"2009-10-15",0.2974143,0.2821714,0.2559286,0.3197857,30.49,299.737142857,79.2228571429,16.8957142857,27.75,34.2,21.2,1
"485","iq",43,"2009-10-22",0.2968,0.3084857,0.3623,0.3616571,82.59,298.855714286,90.6571428571,18.6614285714,27.7333333333,35.3,21,2
"486","iq",44,"2009-10-29",0.2907571,0.23795,0.3176857,0.2616,77.38,298.678571429,93.8085714286,19.2542857143,27.8,35.2,21,2
"487","iq",45,"2009-11-05",0.3886714,0.3728167,0.2499,0.3730143,45.79,299.161428571,90.3728571429,18.9371428571,29.8666666667,36.8,21.2,3
"488","iq",46,"2009-11-12",0.3688714,0.3799571,0.3800286,0.4679286,96.23,300.321428571,84.3114285714,18.6642857143,28.94,35.3,21.9,9
"489","iq",47,"2009-11-19",0.40705,0.3351,0.3665,0.38935,29.72,300.485714286,80.7871428571,17.8071428571,28.9,36.2,22.3,5
"490","iq",48,"2009-11-26",0.3361143,0.2877667,0.3254571,0.3576,38.17,299.455714286,89.5942857143,19.0014285714,28.4333333333,36.2,21.8,5
"491","iq",49,"2009-12-03",0.3485286,0.2904,0.4106143,0.3704571,73.45,298.762857143,91.7085714286,18.6714285714,28.025,35.3,22.2,4
"492","iq",50,"2009-12-10",0.1922,0.1935286,0.2398857,0.2858857,85.62,299.198571429,87.7528571429,18.3042857143,28.55,35.2,21.2,4
"493","iq",51,"2009-12-17",0.2176,0.2403,0.1817714,0.2623,81.21,298.347142857,92.9585714286,18.6014285714,28.2,35.6,22,1
"494","iq",52,"2009-12-24",0.2104222,0.2571375,0.2211333,0.3002556,98.79,297.181428571,96.8857142857,18.18,27.2,32.2,21.8,0
"495","iq",53,"2010-01-01",NA,NA,NA,NA,NA,NA,NA,NA,NA,NA,NA,0
"496","iq",1,"2010-01-08",0.1245714,0.1791286,0.1638429,0.1354714,27.04,299.264285714,78.2714285714,16.1271428571,28.6,35.1,21.8,10
"497","iq",2,"2010-01-15",0.1452857,0.1423143,0.1353,0.1675286,32.99,298.297142857,89.8071428571,17.7585714286,27.8333333333,34.2,22.1,9
"498","iq",3,"2010-01-22",0.2521143,0.2304857,0.1873286,0.3027857,19.04,298.925714286,87.6414285714,18.0014285714,28.9666666667,35.2,22.5,17
"499","iq",4,"2010-01-29",0.2632714,0.2306,0.2188714,0.2612857,138.51,298.291428571,91.7985714286,18.1928571429,27.8,35.3,22.4,16
"500","iq",5,"2010-02-05",0.1701,0.1421167,0.1179143,0.1393429,47.31,298.754285714,90.6485714286,18.5228571429,27.8,34.2,22,11
"501","iq",6,"2010-02-12",0.2307571,0.1892571,0.1634857,0.2388714,78.25,298.251428571,96.5157142857,19.3457142857,27,33.2,22.9,12
"502","iq",7,"2010-02-19",0.2933,0.2478286,0.2066286,0.2666714,32.19,299.648571429,88.3657142857,18.8571428571,27.3,35.5,21.4,19
"503","iq",8,"2010-02-26",0.3036571,0.2600571,0.2254857,0.3333143,84.67,298.917142857,94.9157142857,19.7728571429,28.02,35.4,21.4,15
"504","iq",9,"2010-03-05",0.1273167,0.18116,0.1204667,0.1427667,80.58,298.337142857,97.7,19.7542857143,28.5,35.4,21.2,12
"505","iq",10,"2010-03-12",0.3117286,0.2926857,0.2725857,0.3948,57.78,298.837142857,96.25,20.0914285714,28.55,35.4,21.4,12
"506","iq",11,"2010-03-19",0.2946,0.2509714,0.2814714,0.3416429,121.2,299.191428571,96.1242857143,20.4614285714,30,36,22,16
"507","iq",12,"2010-03-26",0.2662857,0.3012333,0.296,0.2957429,51.29,299.004285714,93.0828571429,19.3685714286,27.4666666667,34.5,21,9
"508","iq",13,"2010-04-02",0.1414333,0.2047286,0.2509714,0.1452429,49.8,299.002857143,88.7071428571,18.2142857143,27.9333333333,35.3,21,4
"509","iq",14,"2010-04-09",0.2428429,0.2727571,0.2022714,0.2601143,93.76,299.115714286,95.1828571429,20.0785714286,29.2,35.4,22.5,9
"510","iq",15,"2010-04-16",0.1576857,0.1566143,0.1840143,0.1358857,17.33,298.305714286,93.6557142857,18.6771428571,27.15,33,21.2,6
"511","iq",16,"2010-04-23",0.2314857,0.2946857,0.3316571,0.2444,86.7,298.438571429,95.9957142857,19.4485714286,27.85,33.5,22.5,8
"512","iq",17,"2010-04-30",0.2397429,0.2592714,0.3077857,0.3079429,26,299.048571429,87.6571428571,18.0685714286,28.85,36.2,21.4,4
"513","iq",18,"2010-05-07",0.2608143,0.2557857,0.2577714,0.3402857,73.97,297.617142857,96.7128571429,18.6028571429,27.6,33.2,21.4,2
"514","iq",19,"2010-05-14",0.1686857,0.1585,0.1330714,0.1456,59.4,297.278571429,97.4457142857,18.3914285714,27.4,33.7,21.2,7
"515","iq",20,"2010-05-21",0.2630714,0.2725,0.2582714,0.2445,1.15,297.648571429,78.9985714286,14.9085714286,25.6333333333,34,20,6
"516","iq",21,"2010-05-28",0.34275,0.3189,0.2563429,0.2925143,55.3,299.334285714,88.7657142857,18.4857142857,28.6333333333,35.4,22.4,5
"517","iq",22,"2010-06-04",0.1601571,0.1603714,0.1360429,0.2256571,86.47,298.33,91.6,18.07,27.4333333333,34.7,21.7,8
"518","iq",23,"2010-06-11",0.2470571,0.1460571,0.2503571,0.2337143,58.94,296.598571429,94.28,17.0085714286,24.4,32.2,19.2,1
"519","iq",24,"2010-06-18",0.3339143,0.2457714,0.2788857,0.3254857,59.67,296.345714286,94.66,16.8157142857,25.4333333333,31.2,21,1
"520","iq",25,"2010-06-25",0.2981857,0.2329714,0.2742143,0.3157571,63.22,298.097142857,89.0828571429,17.3557142857,27.475,33.7,22.2,4
